2018/3/21 3:17:53,15146.00
2018/3/21 3:17:54,146.00
2018/3/21 3:17:55,145.00
2018/3/21 3:17:56,145.00
2018/3/21 3:17:57,144.00
2018/3/21 3:17:58,144.00
2018/3/21 3:17:59,144.00
2018/3/21 3:18:0,144.00
2018/3/21 3:18:1,143.00
2018/3/21 3:18:2,143.00
2018/3/21 3:18:3,143.00
2018/3/21 3:18:4,142.00
2018/3/21 3:18:5,143.00
2018/3/21 3:18:6,142.00
2018/3/21 3:18:7,142.00
2018/3/21 3:18:8,142.00
2018/3/21 3:18:9,142.00
2018/3/21 3:18:10,142.00
2018/3/21 3:18:11,141.00
2018/3/21 3:18:12,141.00
2018/3/21 3:18:13,141.00
2018/3/21 3:18:14,141.00
2018/3/21 3:18:15,140.00
2018/3/21 3:18:16,140.00
2018/3/21 3:18:17,140.00
2018/3/21 3:18:18,140.00
2018/3/21 3:18:19,140.00
2018/3/21 3:18:20,140.00
2018/3/21 3:18:21,140.00
2018/3/21 3:18:22,140.00
2018/3/21 3:18:23,139.00
2018/3/21 3:18:24,139.00
2018/3/21 3:18:25,139.00
2018/3/21 3:18:26,139.00
2018/3/21 3:18:27,139.00
2018/3/21 3:18:28,138.00
2018/3/21 3:18:30,138.00
2018/3/21 3:18:30,138.00
2018/3/21 3:18:32,138.00
2018/3/21 3:18:33,138.00
2018/3/21 3:18:34,137.00
2018/3/21 3:18:35,138.00
2018/3/21 3:18:36,138.00
2018/3/21 3:18:37,138.00
2018/3/21 3:18:38,137.00
2018/3/21 3:18:39,137.00
2018/3/21 3:18:40,138.00
2018/3/21 3:18:41,137.00
2018/3/21 3:18:42,137.00
2018/3/21 3:18:43,137.00
2018/3/21 3:18:44,136.00
2018/3/21 3:18:45,137.00
2018/3/21 3:18:46,137.00
2018/3/21 3:18:47,137.00
2018/3/21 3:18:48,136.00
2018/3/21 3:18:49,136.00
2018/3/21 3:18:50,136.00
2018/3/21 3:18:51,136.00
2018/3/21 3:18:52,136.00
2018/3/21 3:18:53,137.00
2018/3/21 3:18:54,204.00
2018/3/21 3:18:55,222.00
2018/3/21 3:18:56,235.00
2018/3/21 3:18:57,265.00
2018/3/21 3:18:58,259.00
2018/3/21 3:18:59,239.00
2018/3/21 3:19:0,223.00
2018/3/21 3:19:1,210.00
2018/3/21 3:19:2,200.00
2018/3/21 3:19:3,192.00
2018/3/21 3:19:4,186.00
2018/3/21 3:19:5,180.00
2018/3/21 3:19:6,174.00
2018/3/21 3:19:7,170.00
2018/3/21 3:19:8,166.00
2018/3/21 3:19:9,163.00
2018/3/21 3:19:10,160.00
2018/3/21 3:19:11,157.00
2018/3/21 3:19:12,156.00
2018/3/21 3:19:13,154.00
2018/3/21 3:19:14,152.00
2018/3/21 3:19:15,150.00
2018/3/21 3:19:16,149.00
2018/3/21 3:19:17,147.00
2018/3/21 3:19:18,146.00
2018/3/21 3:19:19,145.00
2018/3/21 3:19:20,145.00
2018/3/21 3:19:21,144.00
2018/3/21 3:19:22,143.00
2018/3/21 3:19:23,142.00
2018/3/21 3:19:24,141.00
2018/3/21 3:19:25,141.00
2018/3/21 3:19:26,140.00
2018/3/21 3:19:27,140.00
2018/3/21 3:19:28,139.00
2018/3/21 3:19:29,139.00
2018/3/21 3:19:30,139.00
2018/3/21 3:19:31,138.00
2018/3/21 3:19:32,138.00
2018/3/21 3:19:33,138.00
2018/3/21 3:19:34,137.00
2018/3/21 3:19:35,137.00
2018/3/21 3:19:36,136.00
2018/3/21 3:19:37,136.00
2018/3/21 3:19:38,136.00
2018/3/21 3:19:39,136.00
2018/3/21 3:19:40,135.00
2018/3/21 3:19:41,135.00
2018/3/21 3:19:42,136.00
2018/3/21 3:19:43,135.00
2018/3/21 3:19:44,135.00
2018/3/21 3:19:45,135.00
2018/3/21 3:19:46,134.00
2018/3/21 3:19:47,134.00
2018/3/21 3:19:48,134.00
2018/3/21 3:19:49,134.00
2018/3/21 3:19:50,134.00
2018/3/21 3:19:51,134.00
2018/3/21 3:19:52,133.00
2018/3/21 3:19:53,133.00
2018/3/21 3:19:54,133.00
2018/3/21 3:19:55,133.00
2018/3/21 3:19:56,133.00
2018/3/21 3:19:57,133.00
2018/3/21 3:19:58,132.00
2018/3/21 3:19:59,133.00
2018/3/21 3:20:0,133.00
2018/3/21 3:20:1,132.00
2018/3/21 3:20:2,132.00
2018/3/21 3:20:3,132.00
2018/3/21 3:20:4,132.00
2018/3/21 3:20:5,132.00
2018/3/21 3:20:6,132.00
2018/3/21 3:20:7,132.00
2018/3/21 3:20:8,133.00
2018/3/21 3:20:9,134.00
2018/3/21 3:20:10,134.00
2018/3/21 3:20:11,134.00
2018/3/21 3:20:12,133.00
2018/3/21 3:20:13,132.00
2018/3/21 3:20:14,133.00
2018/3/21 3:20:15,133.00
2018/3/21 3:20:16,132.00
2018/3/21 3:20:17,132.00
2018/3/21 3:20:18,132.00
2018/3/21 3:20:19,132.00
2018/3/21 3:20:20,132.00
2018/3/21 3:20:21,131.00
2018/3/21 3:20:22,132.00
2018/3/21 3:20:23,132.00
2018/3/21 3:20:24,132.00
2018/3/21 3:20:25,131.00
2018/3/21 3:20:26,131.00
2018/3/21 3:20:27,131.00
2018/3/21 3:20:28,131.00
2018/3/21 3:20:29,131.00
2018/3/21 3:20:30,131.00
2018/3/21 3:20:31,130.00
2018/3/21 3:20:32,130.00
2018/3/21 3:20:33,130.00
2018/3/21 3:20:34,130.00
2018/3/21 3:20:35,130.00
2018/3/21 3:20:36,130.00
2018/3/21 3:20:37,130.00
2018/3/21 3:20:38,130.00
2018/3/21 3:20:39,130.00
2018/3/21 3:20:40,129.00
2018/3/21 3:20:41,129.00
2018/3/21 3:20:42,129.00
2018/3/21 3:20:43,129.00
2018/3/21 3:20:44,129.00
2018/3/21 3:20:45,129.00
2018/3/21 3:20:46,129.00
2018/3/21 3:20:47,129.00
2018/3/21 3:20:48,128.00
2018/3/21 3:20:49,129.00
2018/3/21 3:20:50,128.00
2018/3/21 3:20:51,128.00
2018/3/21 3:20:52,128.00
2018/3/21 3:20:53,128.00
2018/3/21 3:20:54,128.00
2018/3/21 3:20:55,128.00
2018/3/21 3:20:56,128.00
2018/3/21 3:20:57,128.00
2018/3/21 3:20:58,128.00
2018/3/21 3:20:59,128.00
2018/3/21 3:21:0,128.00
2018/3/21 3:21:1,128.00
2018/3/21 3:21:2,128.00
2018/3/21 3:21:3,128.00
2018/3/21 3:21:4,128.00
2018/3/21 3:21:5,128.00
2018/3/21 3:21:6,128.00
2018/3/21 3:21:7,128.00
2018/3/21 3:21:8,128.00
2018/3/21 3:21:9,128.00
2018/3/21 3:21:10,128.00
2018/3/21 3:21:11,128.00
2018/3/21 3:21:12,128.00
2018/3/21 3:21:13,128.00
2018/3/21 3:21:14,128.00
2018/3/21 3:21:15,128.00
2018/3/21 3:21:16,128.00
2018/3/21 3:21:17,128.00
2018/3/21 3:21:18,128.00
2018/3/21 3:21:19,128.00
2018/3/21 3:21:20,128.00
2018/3/21 3:21:21,128.00
2018/3/21 3:21:22,129.00
2018/3/21 3:21:23,128.00
2018/3/21 3:21:24,128.00
2018/3/21 3:21:25,128.00
2018/3/21 3:21:26,128.00
2018/3/21 3:21:27,128.00
2018/3/21 3:21:28,128.00
2018/3/21 3:21:29,128.00
2018/3/21 3:21:30,128.00
2018/3/21 3:21:31,128.00
2018/3/21 3:21:32,128.00
2018/3/21 3:21:33,127.00
2018/3/21 3:21:34,127.00
2018/3/21 3:21:35,128.00
2018/3/21 3:21:36,128.00
2018/3/21 3:21:37,128.00
2018/3/21 3:21:38,128.00
2018/3/21 3:21:39,128.00
2018/3/21 3:21:40,128.00
2018/3/21 3:21:41,128.00
2018/3/21 3:21:42,128.00
2018/3/21 3:21:43,128.00
2018/3/21 3:21:44,128.00
2018/3/21 3:21:45,128.00
2018/3/21 3:21:46,128.00
2018/3/21 3:21:47,127.00
2018/3/21 3:21:48,127.00
2018/3/21 3:21:49,128.00
2018/3/21 3:21:50,128.00
2018/3/21 3:21:51,128.00
2018/3/21 3:21:52,127.00
2018/3/21 3:21:53,127.00
2018/3/21 3:21:54,127.00
2018/3/21 3:21:55,127.00
2018/3/21 3:21:56,128.00
2018/3/21 3:21:57,127.00
2018/3/21 3:21:58,127.00
2018/3/21 3:21:59,127.00
2018/3/21 3:22:0,128.00
2018/3/21 3:22:1,127.00
2018/3/21 3:22:2,127.00
2018/3/21 3:22:3,127.00
2018/3/21 3:22:4,127.00
2018/3/21 3:22:5,127.00
2018/3/21 3:22:6,127.00
2018/3/21 3:22:7,127.00
2018/3/21 3:22:8,127.00
2018/3/21 3:22:9,127.00
2018/3/21 3:22:10,126.00
2018/3/21 3:22:11,127.00
2018/3/21 3:22:12,126.00
2018/3/21 3:22:13,126.00
2018/3/21 3:22:14,126.00
2018/3/21 3:22:15,126.00
2018/3/21 3:22:16,126.00
2018/3/21 3:22:17,126.00
2018/3/21 3:22:18,127.00
2018/3/21 3:22:19,126.00
2018/3/21 3:22:20,126.00
2018/3/21 3:22:21,126.00
2018/3/21 3:22:22,127.00
2018/3/21 3:22:23,126.00
2018/3/21 3:22:24,126.00
2018/3/21 3:22:25,126.00
2018/3/21 3:22:26,126.00
2018/3/21 3:22:27,126.00
2018/3/21 3:22:28,126.00
2018/3/21 3:22:29,126.00
2018/3/21 3:22:30,126.00
2018/3/21 3:22:31,126.00
2018/3/21 3:22:32,126.00
2018/3/21 3:22:33,126.00
2018/3/21 3:22:34,126.00
2018/3/21 3:22:35,126.00
2018/3/21 3:22:36,126.00
2018/3/21 3:22:37,126.00
2018/3/21 3:22:38,126.00
2018/3/21 3:22:39,126.00
2018/3/21 3:22:40,126.00
2018/3/21 3:22:41,126.00
2018/3/21 3:22:42,126.00
2018/3/21 3:22:43,126.00
2018/3/21 3:22:44,126.00
2018/3/21 3:22:45,126.00
2018/3/21 3:22:46,126.00
2018/3/21 3:22:47,126.00
2018/3/21 3:22:48,126.00
2018/3/21 3:22:49,126.00
2018/3/21 3:22:50,126.00
2018/3/21 3:22:51,125.00
2018/3/21 3:22:52,126.00
2018/3/21 3:22:53,126.00
2018/3/21 3:22:54,126.00
2018/3/21 3:22:55,126.00
2018/3/21 3:22:56,126.00
2018/3/21 3:22:57,126.00
2018/3/21 3:22:58,126.00
2018/3/21 3:22:59,126.00
2018/3/21 3:23:0,126.00
2018/3/21 3:23:1,126.00
2018/3/21 3:23:2,126.00
2018/3/21 3:23:3,126.00
2018/3/21 3:23:4,126.00
2018/3/21 3:23:5,126.00
2018/3/21 3:23:6,126.00
2018/3/21 3:23:7,126.00
2018/3/21 3:23:8,126.00
2018/3/21 3:23:9,126.00
2018/3/21 3:23:10,126.00
2018/3/21 3:23:11,126.00
2018/3/21 3:23:12,127.00
2018/3/21 3:23:13,126.00
2018/3/21 3:23:14,126.00
2018/3/21 3:23:15,126.00
2018/3/21 3:23:16,126.00
2018/3/21 3:23:17,126.00
2018/3/21 3:23:18,126.00
2018/3/21 3:23:19,126.00
2018/3/21 3:23:20,126.00
2018/3/21 3:23:21,126.00
2018/3/21 3:23:22,126.00
2018/3/21 3:23:23,126.00
2018/3/21 3:23:24,126.00
2018/3/21 3:23:25,125.00
2018/3/21 3:23:26,125.00
2018/3/21 3:23:27,125.00
2018/3/21 3:23:28,125.00
2018/3/21 3:23:29,125.00
2018/3/21 3:23:30,125.00
2018/3/21 3:23:31,125.00
2018/3/21 3:23:32,125.00
2018/3/21 3:23:33,125.00
2018/3/21 3:23:34,125.00
2018/3/21 3:23:35,125.00
2018/3/21 3:23:36,125.00
2018/3/21 3:23:37,125.00
2018/3/21 3:23:38,125.00
2018/3/21 3:23:39,125.00
2018/3/21 3:23:40,124.00
2018/3/21 3:23:41,125.00
2018/3/21 3:23:42,124.00
2018/3/21 3:23:43,125.00
2018/3/21 3:23:44,125.00
2018/3/21 3:23:45,125.00
2018/3/21 3:23:46,124.00
2018/3/21 3:23:47,124.00
2018/3/21 3:23:48,124.00
2018/3/21 3:23:49,124.00
2018/3/21 3:23:50,124.00
2018/3/21 3:23:51,125.00
2018/3/21 3:23:52,124.00
2018/3/21 3:23:53,124.00
2018/3/21 3:23:54,124.00
2018/3/21 3:23:55,125.00
2018/3/21 3:23:56,125.00
2018/3/21 3:23:57,125.00
2018/3/21 3:23:58,125.00
2018/3/21 3:23:59,125.00
2018/3/21 3:24:0,125.00
2018/3/21 3:24:1,125.00
2018/3/21 3:24:2,125.00
2018/3/21 3:24:3,125.00
2018/3/21 3:24:4,125.00
2018/3/21 3:24:5,125.00
2018/3/21 3:24:6,125.00
2018/3/21 3:24:7,125.00
2018/3/21 3:24:8,125.00
2018/3/21 3:24:9,126.00
2018/3/21 3:24:10,125.00
2018/3/21 3:24:11,126.00
2018/3/21 3:24:12,126.00
2018/3/21 3:24:13,125.00
2018/3/21 3:24:14,126.00
2018/3/21 3:24:15,126.00
2018/3/21 3:24:16,126.00
2018/3/21 3:24:17,126.00
2018/3/21 3:24:18,125.00
2018/3/21 3:24:19,125.00
2018/3/21 3:24:20,125.00
2018/3/21 3:24:21,125.00
2018/3/21 3:24:22,125.00
2018/3/21 3:24:23,125.00
2018/3/21 3:24:24,125.00
2018/3/21 3:24:25,125.00
2018/3/21 3:24:26,125.00
2018/3/21 3:24:27,125.00
2018/3/21 3:24:28,125.00
2018/3/21 3:24:29,125.00
2018/3/21 3:24:30,125.00
2018/3/21 3:24:31,125.00
2018/3/21 3:24:32,126.00
2018/3/21 3:24:33,126.00
2018/3/21 3:24:34,125.00
2018/3/21 3:24:35,126.00
2018/3/21 3:24:36,126.00
2018/3/21 3:24:37,125.00
2018/3/21 3:24:38,126.00
2018/3/21 3:24:39,125.00
2018/3/21 3:24:40,126.00
2018/3/21 3:24:41,126.00
2018/3/21 3:24:42,126.00
2018/3/21 3:24:43,125.00
2018/3/21 3:24:44,126.00
2018/3/21 3:24:45,126.00
2018/3/21 3:24:46,126.00
2018/3/21 3:24:47,126.00
2018/3/21 3:24:48,126.00
2018/3/21 3:24:49,126.00
2018/3/21 3:24:50,126.00
2018/3/21 3:24:51,126.00
2018/3/21 3:24:52,126.00
2018/3/21 3:24:53,126.00
2018/3/21 3:24:54,126.00
2018/3/21 3:24:55,126.00
2018/3/21 3:24:56,126.00
2018/3/21 3:24:57,126.00
2018/3/21 3:24:58,126.00
2018/3/21 3:24:59,126.00
2018/3/21 3:25:0,126.00
2018/3/21 3:25:1,126.00
2018/3/21 3:25:2,126.00
2018/3/21 3:25:3,126.00
2018/3/21 3:25:4,126.00
2018/3/21 3:25:5,126.00
2018/3/21 3:25:6,126.00
2018/3/21 3:25:7,126.00
2018/3/21 3:25:8,126.00
2018/3/21 3:25:9,126.00
2018/3/21 3:25:10,126.00
2018/3/21 3:25:11,126.00
2018/3/21 3:25:12,126.00
2018/3/21 3:25:13,126.00
2018/3/21 3:25:14,126.00
2018/3/21 3:25:15,126.00
2018/3/21 3:25:16,126.00
2018/3/21 3:25:17,126.00
2018/3/21 3:25:18,126.00
2018/3/21 3:25:19,126.00
2018/3/21 3:25:20,126.00
2018/3/21 3:25:21,126.00
2018/3/21 3:25:22,126.00
2018/3/21 3:25:23,126.00
2018/3/21 3:25:24,126.00
2018/3/21 3:25:25,126.00
2018/3/21 3:25:26,126.00
2018/3/21 3:25:27,126.00
2018/3/21 3:25:28,126.00
2018/3/21 3:25:29,126.00
2018/3/21 3:25:30,126.00
2018/3/21 3:25:31,126.00
2018/3/21 3:25:32,126.00
2018/3/21 3:25:33,126.00
2018/3/21 3:25:34,126.00
2018/3/21 3:25:35,126.00
2018/3/21 3:25:36,126.00
2018/3/21 3:25:37,126.00
2018/3/21 3:25:38,125.00
2018/3/21 3:25:39,125.00
2018/3/21 3:25:40,125.00
2018/3/21 3:25:41,126.00
2018/3/21 3:25:42,125.00
2018/3/21 3:25:43,125.00
2018/3/21 3:25:44,125.00
2018/3/21 3:25:45,125.00
2018/3/21 3:25:46,125.00
2018/3/21 3:25:47,125.00
2018/3/21 3:25:48,125.00
2018/3/21 3:25:49,125.00
2018/3/21 3:25:50,125.00
2018/3/21 3:25:51,125.00
2018/3/21 3:25:52,125.00
2018/3/21 3:25:53,125.00
2018/3/21 3:25:54,125.00
2018/3/21 3:25:55,125.00
2018/3/21 3:25:56,126.00
2018/3/21 3:25:57,126.00
2018/3/21 3:25:58,126.00
2018/3/21 3:25:59,128.00
2018/3/21 3:26:0,130.00
2018/3/21 3:26:1,166.00
2018/3/21 3:26:2,186.00
2018/3/21 3:26:3,188.00
2018/3/21 3:26:4,185.00
2018/3/21 3:26:5,184.00
2018/3/21 3:26:6,182.00
2018/3/21 3:26:7,177.00
2018/3/21 3:26:8,173.00
2018/3/21 3:26:9,169.00
2018/3/21 3:26:10,165.00
2018/3/21 3:26:11,163.00
2018/3/21 3:26:12,160.00
2018/3/21 3:26:13,157.00
2018/3/21 3:26:14,155.00
2018/3/21 3:26:15,153.00
2018/3/21 3:26:16,151.00
2018/3/21 3:26:17,150.00
2018/3/21 3:26:18,148.00
2018/3/21 3:26:19,147.00
2018/3/21 3:26:20,145.00
2018/3/21 3:26:21,144.00
2018/3/21 3:26:22,143.00
2018/3/21 3:26:23,142.00
2018/3/21 3:26:24,142.00
2018/3/21 3:26:25,141.00
2018/3/21 3:26:26,140.00
2018/3/21 3:26:27,139.00
2018/3/21 3:26:28,138.00
2018/3/21 3:26:29,138.00
2018/3/21 3:26:30,137.00
2018/3/21 3:26:31,136.00
2018/3/21 3:26:32,136.00
2018/3/21 3:26:33,135.00
2018/3/21 3:26:34,135.00
2018/3/21 3:26:35,135.00
2018/3/21 3:26:36,134.00
2018/3/21 3:26:37,134.00
2018/3/21 3:26:38,133.00
2018/3/21 3:26:39,133.00
2018/3/21 3:26:40,132.00
2018/3/21 3:26:41,132.00
2018/3/21 3:26:42,132.00
2018/3/21 3:26:43,132.00
2018/3/21 3:26:44,132.00
2018/3/21 3:26:45,131.00
2018/3/21 3:26:46,131.00
2018/3/21 3:26:47,131.00
2018/3/21 3:26:48,130.00
2018/3/21 3:26:49,130.00
2018/3/21 3:26:50,130.00
2018/3/21 3:26:51,130.00
2018/3/21 3:26:52,130.00
2018/3/21 3:26:53,131.00
2018/3/21 3:26:54,133.00
2018/3/21 3:26:55,135.00
2018/3/21 3:26:56,136.00
2018/3/21 3:26:57,136.00
2018/3/21 3:26:58,136.00
2018/3/21 3:26:59,136.00
2018/3/21 3:27:0,136.00
2018/3/21 3:27:1,135.00
2018/3/21 3:27:2,134.00
2018/3/21 3:27:3,132.00
2018/3/21 3:27:4,132.00
2018/3/21 3:27:5,131.00
2018/3/21 3:27:6,130.00
2018/3/21 3:27:7,129.00
2018/3/21 3:27:8,129.00
2018/3/21 3:27:9,128.00
2018/3/21 3:27:10,128.00
2018/3/21 3:27:11,128.00
2018/3/21 3:27:12,128.00
2018/3/21 3:27:13,128.00
2018/3/21 3:27:14,127.00
2018/3/21 3:27:15,127.00
2018/3/21 3:27:16,128.00
2018/3/21 3:27:17,127.00
2018/3/21 3:27:18,128.00
2018/3/21 3:27:19,127.00
2018/3/21 3:27:20,127.00
2018/3/21 3:27:21,127.00
2018/3/21 3:27:22,126.00
2018/3/21 3:27:23,126.00
2018/3/21 3:27:24,126.00
2018/3/21 3:27:25,126.00
2018/3/21 3:27:26,126.00
2018/3/21 3:27:27,126.00
2018/3/21 3:27:28,126.00
2018/3/21 3:27:29,126.00
2018/3/21 3:27:30,126.00
2018/3/21 3:27:31,126.00
2018/3/21 3:27:32,126.00
2018/3/21 3:27:33,126.00
2018/3/21 3:27:34,126.00
2018/3/21 3:27:35,126.00
2018/3/21 3:27:36,126.00
2018/3/21 3:27:37,126.00
2018/3/21 3:27:38,126.00
2018/3/21 3:27:39,126.00
2018/3/21 3:27:40,125.00
2018/3/21 3:27:41,125.00
2018/3/21 3:27:42,126.00
2018/3/21 3:27:43,125.00
2018/3/21 3:27:44,125.00
2018/3/21 3:27:45,125.00
2018/3/21 3:27:46,125.00
2018/3/21 3:27:47,125.00
2018/3/21 3:27:48,125.00
2018/3/21 3:27:49,125.00
2018/3/21 3:27:50,124.00
2018/3/21 3:27:51,125.00
2018/3/21 3:27:52,125.00
2018/3/21 3:27:53,125.00
2018/3/21 3:27:54,125.00
2018/3/21 3:27:55,125.00
2018/3/21 3:27:56,125.00
2018/3/21 3:27:57,125.00
2018/3/21 3:27:58,125.00
2018/3/21 3:27:59,125.00
2018/3/21 3:28:0,125.00
2018/3/21 3:28:1,125.00
2018/3/21 3:28:2,125.00
2018/3/21 3:28:3,125.00
2018/3/21 3:28:4,125.00
2018/3/21 3:28:5,125.00
2018/3/21 3:28:6,125.00
2018/3/21 3:28:7,125.00
2018/3/21 3:28:8,125.00
2018/3/21 3:28:9,125.00
2018/3/21 3:28:10,125.00
2018/3/21 3:28:11,125.00
2018/3/21 3:28:12,125.00
2018/3/21 3:28:13,125.00
2018/3/21 3:28:14,125.00
2018/3/21 3:28:15,125.00
2018/3/21 3:28:16,125.00
2018/3/21 3:28:17,125.00
2018/3/21 3:28:18,125.00
2018/3/21 3:28:19,125.00
2018/3/21 3:28:20,125.00
2018/3/21 3:28:21,125.00
2018/3/21 3:28:22,125.00
2018/3/21 3:28:23,125.00
2018/3/21 3:28:24,125.00
2018/3/21 3:28:25,124.00
2018/3/21 3:28:26,124.00
2018/3/21 3:28:27,125.00
2018/3/21 3:28:28,125.00
2018/3/21 3:28:29,124.00
2018/3/21 3:28:30,125.00
2018/3/21 3:28:31,125.00
2018/3/21 3:28:32,124.00
2018/3/21 3:28:33,124.00
2018/3/21 3:28:34,124.00
2018/3/21 3:28:35,124.00
2018/3/21 3:28:36,125.00
2018/3/21 3:28:37,124.00
2018/3/21 3:28:38,124.00
2018/3/21 3:28:39,124.00
2018/3/21 3:28:40,124.00
2018/3/21 3:28:41,124.00
2018/3/21 3:28:42,124.00
2018/3/21 3:28:43,124.00
2018/3/21 3:28:44,125.00
2018/3/21 3:28:45,124.00
2018/3/21 3:28:46,125.00
2018/3/21 3:28:47,125.00
2018/3/21 3:28:48,124.00
2018/3/21 3:28:49,125.00
2018/3/21 3:28:50,124.00
2018/3/21 3:28:51,124.00
2018/3/21 3:28:52,125.00
2018/3/21 3:28:53,125.00
2018/3/21 3:28:54,124.00
2018/3/21 3:28:55,124.00
2018/3/21 3:28:56,125.00
2018/3/21 3:28:57,125.00
2018/3/21 3:28:58,124.00
2018/3/21 3:28:59,124.00
2018/3/21 3:29:0,124.00
2018/3/21 3:29:1,124.00
2018/3/21 3:29:2,124.00
2018/3/21 3:29:3,124.00
2018/3/21 3:29:4,124.00
2018/3/21 3:29:5,124.00
2018/3/21 3:29:6,124.00
2018/3/21 3:29:7,124.00
2018/3/21 3:29:8,124.00
2018/3/21 3:29:9,125.00
2018/3/21 3:29:10,125.00
2018/3/21 3:29:11,124.00
2018/3/21 3:29:12,124.00
2018/3/21 3:29:13,124.00
2018/3/21 3:29:14,124.00
2018/3/21 3:29:15,124.00
2018/3/21 3:29:16,124.00
2018/3/21 3:29:17,124.00
2018/3/21 3:29:18,124.00
2018/3/21 3:29:19,124.00
2018/3/21 3:29:20,124.00
2018/3/21 3:29:21,124.00
2018/3/21 3:29:22,124.00
2018/3/21 3:29:23,124.00
2018/3/21 3:29:24,124.00
2018/3/21 3:29:25,123.00
2018/3/21 3:29:26,124.00
2018/3/21 3:29:27,124.00
2018/3/21 3:29:28,123.00
2018/3/21 3:29:29,124.00
2018/3/21 3:29:30,123.00
2018/3/21 3:29:31,123.00
2018/3/21 3:29:32,123.00
2018/3/21 3:29:33,123.00
2018/3/21 3:29:34,123.00
2018/3/21 3:29:35,123.00
2018/3/21 3:29:36,123.00
2018/3/21 3:29:37,123.00
2018/3/21 3:29:38,123.00
2018/3/21 3:29:39,123.00
2018/3/21 3:29:40,123.00
2018/3/21 3:29:41,123.00
2018/3/21 3:29:42,123.00
2018/3/21 3:29:43,123.00
2018/3/21 3:29:44,123.00
2018/3/21 3:29:45,124.00
2018/3/21 3:29:46,124.00
2018/3/21 3:29:47,123.00
2018/3/21 3:29:48,123.00
2018/3/21 3:29:49,123.00
2018/3/21 3:29:50,123.00
2018/3/21 3:29:51,123.00
2018/3/21 3:29:52,123.00
2018/3/21 3:29:53,123.00
2018/3/21 3:29:54,122.00
2018/3/21 3:29:55,123.00
2018/3/21 3:29:56,122.00
2018/3/21 3:29:57,123.00
2018/3/21 3:29:58,123.00
2018/3/21 3:29:59,123.00
2018/3/21 3:30:0,123.00
2018/3/21 3:30:1,123.00
2018/3/21 3:30:2,123.00
2018/3/21 3:30:3,123.00
2018/3/21 3:30:4,123.00
2018/3/21 3:30:5,123.00
2018/3/21 3:30:6,123.00
2018/3/21 3:30:7,123.00
2018/3/21 3:30:8,123.00
2018/3/21 3:30:9,122.00
2018/3/21 3:30:10,122.00
2018/3/21 3:30:11,123.00
2018/3/21 3:30:12,123.00
2018/3/21 3:30:13,123.00
2018/3/21 3:30:14,126.00
2018/3/21 3:30:15,129.00
2018/3/21 3:30:16,128.00
2018/3/21 3:30:17,128.00
2018/3/21 3:30:18,128.00
2018/3/21 3:30:19,127.00
2018/3/21 3:30:20,126.00
2018/3/21 3:30:21,126.00
2018/3/21 3:30:22,126.00
2018/3/21 3:30:23,125.00
2018/3/21 3:30:24,125.00
2018/3/21 3:30:25,125.00
2018/3/21 3:30:26,125.00
2018/3/21 3:30:27,124.00
2018/3/21 3:30:28,125.00
2018/3/21 3:30:29,125.00
2018/3/21 3:30:30,124.00
2018/3/21 3:30:31,124.00
2018/3/21 3:30:32,124.00
2018/3/21 3:30:33,124.00
2018/3/21 3:30:34,123.00
2018/3/21 3:30:35,124.00
2018/3/21 3:30:36,123.00
2018/3/21 3:30:37,124.00
2018/3/21 3:30:38,123.00
2018/3/21 3:30:39,123.00
2018/3/21 3:30:40,123.00
2018/3/21 3:30:41,123.00
2018/3/21 3:30:42,123.00
2018/3/21 3:30:43,123.00
2018/3/21 3:30:44,123.00
2018/3/21 3:30:45,123.00
2018/3/21 3:30:46,123.00
2018/3/21 3:30:47,123.00
2018/3/21 3:30:48,123.00
2018/3/21 3:30:49,124.00
2018/3/21 3:30:50,124.00
2018/3/21 3:30:51,123.00
2018/3/21 3:30:52,124.00
2018/3/21 3:30:53,123.00
2018/3/21 3:30:54,124.00
2018/3/21 3:30:55,124.00
2018/3/21 3:30:56,124.00
2018/3/21 3:30:57,124.00
2018/3/21 3:30:58,125.00
2018/3/21 3:30:59,125.00
2018/3/21 3:31:0,126.00
2018/3/21 3:31:1,127.00
2018/3/21 3:31:2,127.00
2018/3/21 3:31:3,126.00
2018/3/21 3:31:4,126.00
2018/3/21 3:31:5,125.00
2018/3/21 3:31:6,125.00
2018/3/21 3:31:7,125.00
2018/3/21 3:31:8,124.00
2018/3/21 3:31:9,124.00
2018/3/21 3:31:10,124.00
2018/3/21 3:31:11,123.00
2018/3/21 3:31:12,123.00
2018/3/21 3:31:13,123.00
2018/3/21 3:31:14,123.00
2018/3/21 3:31:15,123.00
2018/3/21 3:31:16,122.00
2018/3/21 3:31:17,122.00
2018/3/21 3:31:18,123.00
2018/3/21 3:31:19,122.00
2018/3/21 3:31:20,122.00
2018/3/21 3:31:21,122.00
2018/3/21 3:31:22,122.00
2018/3/21 3:31:23,122.00
2018/3/21 3:31:24,122.00
2018/3/21 3:31:25,122.00
2018/3/21 3:31:26,122.00
2018/3/21 3:31:27,122.00
2018/3/21 3:31:28,122.00
2018/3/21 3:31:29,122.00
2018/3/21 3:31:30,122.00
2018/3/21 3:31:31,122.00
2018/3/21 3:31:32,121.00
2018/3/21 3:31:33,121.00
2018/3/21 3:31:34,122.00
2018/3/21 3:31:35,122.00
2018/3/21 3:31:36,122.00
2018/3/21 3:31:37,122.00
2018/3/21 3:31:38,122.00
2018/3/21 3:31:39,123.00
2018/3/21 3:31:40,123.00
2018/3/21 3:31:41,123.00
2018/3/21 3:31:42,122.00
2018/3/21 3:31:43,123.00
2018/3/21 3:31:44,123.00
2018/3/21 3:31:45,122.00
2018/3/21 3:31:46,123.00
2018/3/21 3:31:47,122.00
2018/3/21 3:31:48,122.00
2018/3/21 3:31:49,122.00
2018/3/21 3:31:50,122.00
2018/3/21 3:31:51,122.00
2018/3/21 3:31:52,122.00
2018/3/21 3:31:53,121.00
2018/3/21 3:31:54,122.00
2018/3/21 3:31:55,121.00
2018/3/21 3:31:56,121.00
2018/3/21 3:31:57,121.00
2018/3/21 3:31:58,121.00
2018/3/21 3:31:59,121.00
2018/3/21 3:32:0,121.00
2018/3/21 3:32:1,121.00
2018/3/21 3:32:2,122.00
2018/3/21 3:32:3,122.00
2018/3/21 3:32:4,122.00
2018/3/21 3:32:5,237.00
2018/3/21 3:32:6,285.00
2018/3/21 3:32:7,393.00
